URL,Last crawled
https://ai-chat.support/de/demo,2026-03-14
https://ai-chat.support/fr/demo,2026-03-13
https://ai-chat.support/fr/blog/10-ways-ai-chatbots-can-boost-your-business-revenue,2026-03-13
https://ai-chat.support/es/demo,2026-03-11
https://ai-chat.support/it/shopify/install,2026-01-12
https://ai-chat.support/pt/shopify/install,2026-01-11
https://ai-chat.support/hi/shopify/install,2026-01-11
https://ai-chat.support/th/shopify/install,2026-01-10
https://www.ai-chat.support/th/blog,2025-12-11
https://www.ai-chat.support/it/login,2025-12-03
https://www.ai-chat.support/es/login,2025-11-24
https://ai-chat.support/de/shopify/install,2025-11-03
https://ai-chat.support/es/shopify/install,2025-11-01
https://ai-chat.support/fr/shopify/install,2025-10-30
https://www.ai-chat.support/de/integrations,2025-10-23
https://www.ai-chat.support/fr/integrations,2025-10-23
https://www.ai-chat.support/pt/register,2025-10-19
https://www.ai-chat.support/es/integrations,2025-10-18
https://www.ai-chat.support/lang/de,2025-10-18
https://www.ai-chat.support/lang/fr,2025-10-14
https://www.ai-chat.support/lang/th,2025-10-13
https://www.ai-chat.support/lang/it,2025-10-13
https://www.ai-chat.support/fr/reviews,2025-10-12
https://www.ai-chat.support/es/reviews,2025-10-10
https://ai-chat.support/fr/forgot-password,2025-10-10
https://ai-chat.support/th/forgot-password,2025-10-09
https://ai-chat.support/widget/,2025-10-09
https://www.ai-chat.support/hi/blog,2025-10-08
https://www.ai-chat.support/fr/blog,2025-10-08
https://www.ai-chat.support/pt/integrations,2025-10-08
https://www.ai-chat.support/it/integrations,2025-10-07
https://www.ai-chat.support/fr/affiliate/register,2025-10-05
https://www.ai-chat.support/de/reviews,2025-10-05
https://www.ai-chat.support/de/affiliate/register,2025-10-05
https://www.ai-chat.support/es/affiliate/register,2025-10-03
https://ai-chat.support/de/forgot-password,2025-09-29
https://ai-chat.support/it/login,2025-09-28
https://ai-chat.support/es/forgot-password,2025-09-28
https://ai-chat.support/hi/forgot-password,2025-09-27
https://ai-chat.support/lang/th,2025-09-26
https://www.ai-chat.support/lang/hi,2025-09-24
https://www.ai-chat.support/fr/forgot-password,2025-09-24
https://www.ai-chat.support/lang/pt,2025-09-24
https://www.ai-chat.support/de/login,2025-09-24
https://www.ai-chat.support/pt/login,2025-09-24
https://www.ai-chat.support/hi/login,2025-09-24
https://www.ai-chat.support/fr/login,2025-09-24
https://www.ai-chat.support/it/forgot-password,2025-09-24
https://ai-chat.support/es/login,2025-09-23
https://www.ai-chat.support/it/affiliate/register,2025-09-23
https://ai-chat.support/lang/hi,2025-09-23
https://www.ai-chat.support/pt/affiliate/register,2025-09-22
https://www.ai-chat.support/hi/affiliate/register,2025-09-22
https://www.ai-chat.support/th/affiliate/register,2025-09-22
https://www.ai-chat.support/lang/en,2025-09-22
https://www.ai-chat.support/th/reviews,2025-09-22
https://www.ai-chat.support/pt/reviews,2025-09-22
https://www.ai-chat.support/it/reviews,2025-09-22
https://www.ai-chat.support/es/blog,2025-09-22
https://www.ai-chat.support/it/blog,2025-09-22
https://www.ai-chat.support/pt/blog,2025-09-22
https://www.ai-chat.support/hi/reviews,2025-09-22
https://www.ai-chat.support/hi/forgot-password,2025-09-22
https://www.ai-chat.support/de/forgot-password,2025-09-22
https://www.ai-chat.support/pt/forgot-password,2025-09-22
https://www.ai-chat.support/es/forgot-password,2025-09-22
https://www.ai-chat.support/de/register,2025-09-21
https://www.ai-chat.support/lang/es,2025-09-20
https://www.ai-chat.support/th/login,2025-09-20
https://www.ai-chat.support/hi/register,2025-09-19
https://www.ai-chat.support/it/register,2025-09-19
https://www.ai-chat.support/es/register,2025-09-19
https://www.ai-chat.support/fr/register,2025-09-19
https://www.ai-chat.support/th/register,2025-09-19
https://www.ai-chat.support/search?q=%7Bsearch_term_string%7D,2025-09-16