question,answer
What services does MyWeb Solutions offer?,"MyWeb Solutions is a software development firm providing comprehensive services including software development, website design and development, web applications, and mobile applications. We work with various platforms and technologies to meet client needs."
What technologies do you work with?,"We work with a wide range of technologies including PHP with Laravel framework and MySQL backend, React with MongoDB, and other platforms suitable for specific tasks or client preferences. We adapt our technology stack based on project requirements."
Do you handle enterprise-level projects?,"Yes, we have the expertise to build enterprise-grade solutions for organizations of all sizes, from small businesses to large enterprises. We also provide API integration services for complex business requirements."
How can I get started with a project?,"To get started, simply contact us through our website at https://mywebsolutions.co.in or reach out to discuss your project requirements. We'll analyze your needs and propose the best technology solution for your business."
What is your development approach?,"We follow a client-centric approach, choosing the most suitable platform and technology stack for each project. Whether you need a Laravel-based solution, React application, or mobile app, we tailor our approach to your specific requirements and preferences."
Do you provide ongoing support after project completion?,"Yes, we provide ongoing support and maintenance for all our projects. Our team ensures your applications continue to run smoothly and can handle updates, bug fixes, and feature enhancements as needed."
Can you integrate with existing systems?,"Absolutely! We specialize in API integrations and can seamlessly connect your new applications with existing systems, third-party services, and databases to ensure smooth business operations."
What makes MyWeb Solutions different?,"Our expertise across multiple technology stacks allows us to recommend the best solution for your specific needs rather than being limited to one technology. We focus on building scalable, enterprise-grade solutions regardless of your organization's size."
Do you work with startups and small businesses?,"Yes, we work with organizations of all sizes. Whether you're a startup needing an MVP or a small business looking to digitize operations, we have solutions that fit your budget and requirements."
How do you ensure project quality?,"We follow industry best practices, conduct thorough testing, and maintain code quality standards. Our experienced team ensures that every solution is robust, scalable, and meets your business objectives."
